i,a,theta,chi2_min,chi2_avg
1.0,0.46330069297543003,0.015321363249105623,1.1104611429083135,1.20356084388059
