i,a,theta,chi2_min,chi2_avg
0.0,0.5026692737140939,0.018538849531417805,0.7021285192712181,0.8291257653757446
