i,a,theta,chi2_min,chi2_avg
0.0,0.5456502539663404,0.15091133223263378,0.6686280519817869,0.7801721682325716
