i,a,theta,chi2_min,chi2_avg
0.0,0.5644545509580113,0.15091133223263378,0.6660897200988752,0.7812586557245329
