i,a,theta,chi2_min,chi2_avg
0.0,0.557624253449496,0.2209492815217992,0.6626029564185468,0.7798016336258315
