i,a,theta,chi2_min,chi2_avg
0.0,0.5894185783434474,0.6303940863128475,0.704988135941975,0.879960609458177
