i,a,theta,chi2_min,chi2_avg
0.0,0.38058568498079337,0.0033343750430297986,0.008022266064846753,0.021392663029116202
