i,a,theta,chi2_min,chi2_avg
0.0,0.4790649313980874,0.018538849531417805,0.6452747685027534,0.7446369443151296
