i,a,theta,chi2_min,chi2_avg
0.0,0.514034590871393,0.018538849531417805,0.6480166233816191,0.7299602777911838
