i,a,theta,chi2_min,chi2_avg
0.0,0.49870571103867967,0.0018821677848122626,0.35905363133739826,0.47626434899099035
