i,a,theta,chi2_min,chi2_avg
0.0,0.5222588311247034,0.002070384563293489,0.35692767435416217,0.47931014746931927
