i,a,theta,chi2_min,chi2_avg
0.0,0.49675958477867543,0.02714272959894882,0.6512661546646348,0.7547755759393724
